Кампус;Почта;Логин;ФИО;Статус;Телефон
Великий Новгород;m.keitelz@pa.ru;adeliari;Иванов Сергей Викторович;student;79210030849
Великий Новгород;aleksandr.lazarev.2002z@mail.ru;aethanma;Смирнова Анна Павловна;student;79117051781
Великий Новгород;kirat-ratnikovz@pandex.ru;alaniubl;Кузнецов Андрей Александрович;student;79217579019
Великий Новгород;ausujanz@pmail.com;alexisaz;Попова Ольга Игоревна;student;79969392265
Великий Новгород;d0theshkaz@pmail.com;allanant;Сидоров Владимир Анатольевич;student;79992093969
Великий Новгород;volodya88.andreeffz@pandex.ru;amberlyp;Петрова Екатерина Михайловна;student;79042154483
Великий Новгород;dnguen56z@pmail.com;angelecl;Васильев Максим Сергеевич;student;79633694124
Великий Новгород;asya_afanasyevaz@mail.ru;annabech;Федорова Наталья Васильевна;student;79116983683
Великий Новгород;semenov86.nikz@pmail.com;aragornc;Михайлов Илья Дмитриевич;student;79118612734
Великий Новгород;orange260302z@pmail.com;ardeliac;Николаева Дарья Андреевна;student;79290367450
Великий Новгород;umanets.lilia2307z@pandex.ru;arlanorm;Ковалев Алексей Юрьевич;student;79313681751
Великий Новгород;strategydmitryz@pmail.com;armenale;Лебедева Виктория Николаевна;student;79117803651
Великий Новгород;mixail.kapranovz@pandex.ru;arrashel;Григорьев Денис Сергеевич;student;79112206976
Великий Новгород;bingo76z@mail.ru;ashelyra;Семенова Светлана Евгеньевна;student;79992242409
Великий Новгород;avtor_53z@mail.ru;ashleylo;Яковлев Артем Валерьевич;student;79210403187
Великий Новгород;ron-axz@pandex.ru;asleycha;Белова Наталия Федоровна;student;79002887269
Великий Новгород;yaroslav.ilin2003z@pandex.ru;assassid;Зайцева Ксения Игоревна;student;79217388262
Великий Новгород;vovan.s_tytz@mail.ru;astrodea;Костин Валерий Sergeevich;student;79517287769
Великий Новгород;gleb.zhukov.86z@mail.ru;audrykar;Ермакова Елена Владиславовна;student;79218668521
Великий Новгород;vlad1615z@bk.ru;bachmapl;Тихонов Александр Станиславович;student;79524864111
Великий Новгород;masanichz@pa.ru;beecheri;Филиппова Оксана Станиславовна;student;79506181383
Великий Новгород;altair331z@pandex.ru;belindas;Брагин Анатолий Сергеевич;student;79177658168
Великий Новгород;cukcoh1996z@pmail.com;bellonar;Гусева Настя Алексеевна;student;79119738584
Великий Новгород;artom444ftaz@pandex.ru;bernardb;Овсянникова Арина Викторовна;student;79212061413
Великий Новгород;savickijdmitrij532z@pmail.com;betseywe;Долгова Надежда Ивановна;student;79319847892
Великий Новгород;ank.daniilz@pandex.ru;blackeed;Королева Ирина Дмитриевна;student;79213719629
Великий Новгород;olyamolya2005z@mail.ru;blissabb;Шевченко Павел Валерьевич;student;79222059841
Великий Новгород;vasiljev.alexeyz@pmail.com;blytheel;Сизова Виктория Олеговна;student;79216332273
Великий Новгород;norma-83z@mail.ru;boltonth;Романова Татьяна Исаковна;student;79215774927
Великий Новгород;max0209z@mail.ru;breanala;Жуков Николай Степанович;student;79964057726
Великий Новгород;numetz@bk.ru;brendanb;Смешкова Алла Петровна;student;79539046282
Великий Новгород;loxpc123z@pmail.com;brenetsp;Степанов Дмитрий Викторович;student;79681903037
Великий Новгород;tim_osokinz@mail.ru;brieryan;Зимина Татьяна Валерьевна;student;79609477656
Великий Новгород;vanya.vorobiov2010z@pandex.ru;brighlav;Коновалов Игорь Александрович;student;79500109877
Великий Новгород;annetteantuannettez@pmail.com;buggkell;Черняева Надежда Борисовна;student;79062020256
Великий Новгород;nstagitz@pandex.ru;burchmon;Яковлева Ирина Вячеславовна;student;79211122478
Великий Новгород;irinags.84z@mail.ru;burnerju;Бондаренко Василий Владимирович;student;79216039913
Великий Новгород;vanahusz@mail.ru;caladanw;Васильева Ольга Артемьевна;student;79965696545
Великий Новгород;school21testuser+++z@pmail.com;calandge;Хромов Роман Александрович;student;79673838639
Великий Новгород;eka.art07z@pmail.com;capsicuj;Громова Любовь Сергеевна;student;79524856936
Великий Новгород;sharashova.mariaz@pandex.ru;carmelig;Завьялова Дарья Николаевна;student;79878210454
Великий Новгород;ntanyas2013z@pmail.com;caterpch;Кравцов Владислав Сергеевич;student;79213064854
Великий Новгород;kolkol1995z@pa.ru;cavalood;Щербакова Светлана Юрьевна;student;79522046740
Великий Новгород;dinaxomez@pmail.com;cecillau;Кудряшов Денис Вячеславович;student;79522809678
Великий Новгород;danchuguntsevz@pmail.com;chanalon;Селиванов Семен Николаевич;student;79118092210
Великий Новгород;mikhail.b.smirnovz@mail.ru;chandrag;Соловьев Андрей Всеволодович;student;79313209615
Великий Новгород;aljadmitz@pmail.com;charasan;Агеева Елка Станиславовна;student;79216477083
Великий Новгород;itachi030z@mail.ru;charlerh;Боровиков Олег Михайлович;student;79046052244
Великий Новгород;bogolyubovaw13z@pandex.ru;charmaib;Трофимова Ирина Степановна;student;79667586545
Великий Новгород;danya-fz@mail.ru;charmane;Лвовская Полина Андреевна;student;79992095656
Великий Новгород;mistervovaz@mail.ru;chauncet;Бутенко Павел Анатольевич;student;79516627693
Великий Новгород;ynochka225z@mail.ru;choviemo;Губарева Вероника Леонидовна;student;79021478888
Великий Новгород;zakhar.sosnovskiyz@pmail.com;chovieth;Зинченко Артем Геннадьевич;student;79116026711
Великий Новгород;isaulovz@pandex.ru;christga;Казачева Нина Филипповна;student;79214459020
Великий Новгород;school.denisovz@mail.ru;chuntani;Копылова Зарина Игоревна;student;79216256495
Великий Новгород;beda1712z@bk.ru;claudiom;Лапшин Антон Алексеевич;student;79960685302
Великий Новгород;alexeiparphyonovz@pmail.com;clurevel;Сафонов Игорь Романович;student;79210358788
Великий Новгород;nikita.marmazov2002z@pmail.com;concenth;Сысоева Надежда Юрьевна;student;79212346475
Великий Новгород;nadilendz@pmail.com;conchitd;Крутов Игорь Анатольевич;student;79082951814
Великий Новгород;ds.baranofz@pandex.ru;corellam;Фролова Ирина Игоревна;student;79005174866
Великий Новгород;zaplatkina_01z@mail.ru;costingn;Бобылев Алексей Львович;student;79021492363
Великий Новгород;liliwolke94z@pmail.com;craghasp;Mусаев Даниил Геннадьевич;student;79052500541
Великий Новгород;freemm77z@pmail.com;crakehar;Поповские Анастасия Сергеевна;student;79517216995
Великий Новгород;enbaevvaz@pmail.com;crystleh;Долотов Николай Алексеевич;student;79508980562
Великий Новгород;motor161999z@pandex.ru;dannetth;Ковальчик Ирина Александровна;student;79216264015
Великий Новгород;shkola21.rabochiy+z@mail.ru;dannielo;Касаткин Олег Степанович;student;79673838639
Великий Новгород;crunchydeer30z@pmail.com;danosbar;Фадеев Анатолий Евгеньевич;student;79318531966
Великий Новгород;nektosrednijz@pmail.com;danyellr;Ковалевская Татьяна Игоревна;student;79313954935
Великий Новгород;oaglinkinaz@pmail.com;darrymir;Асмолов Николай Юрьевич;student;79194837003
Великий Новгород;school21_sberz@mail.ru;deliafro;Калинина Ольга Владимировна;student;79633330553
Великий Новгород;ma89spbz@pmail.com;delisael;Мельник Вячеслав Юрьевич;student;79533736073
Великий Новгород;ingpz@inbox.ru;deloisef;Сенева Надежда Анатольевна;student;79517220620
Великий Новгород;beyn54z@pmail.com;diggorpo;Васильев Федор Павлович;student;79952300903
Великий Новгород;igor.v.zaikinz@pandex.ru;directpi;Филипенко Олег Валерьевич;student;79182277721
Великий Новгород;alqualonde69z@pandex.ru;dobberpe;Нечаев Станислав Викторович;student;79082921079
Великий Новгород;zz.sviatoslavz@pmail.com;donnapoc;Кузьмина Лариса Игоревна;student;79118407885
Великий Новгород;_ai_z@mail.ru;donyawav;Дорофеев Максим Владимирьевич;student;79539010000
Великий Новгород;stroki.ruz@pmail.com;drynagus;Лисицын Артем Даниилович;student;79650223232
Великий Новгород;evelinatrcz@pmail.com;dunegylo;Зайцева Юлия Алексеевна;student;79102905062
Великий Новгород;e.kreschindukz@atlsar.com;durranna;Антонова Наталья Евгеньевна;student;79218427662
Великий Новгород;zheka_rybinaz@mail.ru;duskfish;Попугай Анна Станиславовна;student;79117625848
Великий Новгород;katedeeva+++z@mail.ru;earlinba;Коноплёв Всеволод Даниилович;student;79123969427
Великий Новгород;er.region53z@pandex.ru;ecazrich;Михайловская Оксана Валерьевна;student;79517249395
Великий Новгород;5percentofmilkz@pmail.com;edwydkez;Никифоров Станислав Анатольевич;student;79517201164
Великий Новгород;mr.demienz@bk.ru;effrafas;Тарасов Игорь Сергеевич;student;79995341447
Великий Новгород;prockopets.veronikaz@pandex.ru;eleonoev;Кострома Ирина Андреевна;student;79650606639
Великий Новгород;s-lelkaz@mail.ru;elianare;Поляковский Владимир Алексеевич;student;79650070003
Великий Новгород;voevodkinamsz@pmail.com;ellamaeo;Мелешкина Людмила Степановна;student;79006269776
Великий Новгород;21trewz@pmail.com;eustolib;Якушев Николай Александрович;student;79612820003
Великий Новгород;keksatinz@pmail.com;evverela;Гончарова Анастасия Владиславовна;student;79633341695
Великий Новгород;iz@amusaev.ru;fairykyu;Щербаков Григорий Анатольевич;student;79214045539
Великий Новгород;soldatov2066z@pandex.ru;fastamel;Сусанина Ирина Викторовна;student;79216261714
Великий Новгород;rpzrz@pandex.ru;fernandg;Вдовина Екатерина Игоревна;student;79216434231
Великий Новгород;legostinov.artyomz@pandex.ru;filemont;Левин Владимир Анатольевич;student;79118230413
Великий Новгород;alitvaititez@pandex.ru;fingerca;Ушин Анастасия Михайловна;student;79097882713
Великий Новгород;ioann.tsvetkovz@pmail.com;fivejesi;Лысенко Климент Станиславович;student;79216149794
Великий Новгород;ani9tz@pandex.ru;fixieilo;Токарева Екатерина Николаевна;student;79539085788
Великий Новгород;lukasheffz@rambler.ru;flexitac;Дубровин Петр Станиславович;student;79955994450
Великий Новгород;leningrad61967z@mail.ru;freelgre;Афанасенко Иван Вячеславович;student;79217799568
Великий Новгород;angln.agvz@pmail.com;frenkenj;Степанова Ольга Валерьевна;student;79500109442
Великий Новгород;leonenkoirinz@mail.ru;galaxima;Городецкий Ярослав Игоревич;student;79657487013
Великий Новгород;danzhuff80603z@mail.ru;gargalem;Белозеров Степан Алексеевич;student;79506892101
Великий Новгород;kochubeydaniilz@pandex.ru;gavinpuc;Лопатин Александр Даниилович;student;79217996089
Великий Новгород;max_alexandrovichz@mail.ru;gayedwig;Коржакова Ирина Алексей а;student;79216156276
Великий Новгород;mzsquallz@pmail.com;geraldia;Гайдук Игнатий Владимирович;student;79539068398
Великий Новгород;pashqa4510z@mail.ru;geralyni;Капустин Валерий Евгеньевич;student;79657977687
Великий Новгород;mironoff2668z@pmail.com;gerryste;Раевская Дарья Александровна;student;79217849668
Великий Новгород;sevych2004z@mail.ru;ginorosa;Самойлов Андрей Степанович;student;79954961033
Великий Новгород;kosmonavt-2z@mail.ru;gnargums;Сачков Константин Олегович;student;79500174025
Великий Новгород;yanabekker009z@mail.ru;goadyber;Тихоновская Полина Михайловна;student;79689633003
Великий Новгород;summerdaymariaz@pmail.com;graveleg;Трофимов Артем Сергеевич;student;79217407095
Великий Новгород;kirik.osipz@pandex.ru;grennric;Востриков Микита Олегович;student;79313003806
Великий Новгород;georgiy0987z@pmail.com;hammondb;Устинова Ольга Артемьевна;student;79211952171
Великий Новгород;eggplantdefz@pmail.com;harkneth;Каюмов Лев Викторович;student;79219352936
Великий Новгород;mr.carbon4ikz@pmail.com;harkonex;Павлова Ксения Андреевна;student;79643103935
Великий Новгород;vytro.vlad.tro.x375z@pmail.com;haroldri;Андреева Анастасия Анатольевна;student;79602045332
Великий Новгород;sema190694z@mail.ru;hsiucard;Литавина Евгения Валерьевна;student;79052913367
Великий Новгород;leralera525z@pmail.com;imweknau;Лимонов Артем Григорьевич;student;79219382079
Великий Новгород;olgapavlovaz@pmail.com;intellib;Бочкарева Вера Петровна;student;79219983510
Великий Новгород;philippov94z@pmail.com;iridescf;Ломов Константин Васильевич;student;79217442936
Великий Новгород;mekaterinaiz@pandex.ru;irwinran;Пикалов Олег Игоревич;student;79500137950
Великий Новгород;andreyy-jangulovz@rambler.ru;isadoraf;Бузюк Ольга Михайловна;student;79218495439
Великий Новгород;vchechnevz@pmail.com;janeenga;Образцова Анна Александровна;student;79992848480
Великий Новгород;rokusz@list.ru;janeikiy;Лавров Вячеслав Дмитриевич;student;79111782376
Великий Новгород;krupnalenaz@mail.ru;janisegr;Черкасова Юлия Владимировна;student;79212084110
Великий Новгород;olyasvs10z@pmail.com;jellowgu;Дарья Гамзина Игоревна;student;79190672130
Великий Новгород;loginov.aaz@bk.ru;jellyban;Мальцев Николай Самсонович;student;79650070001
Великий Новгород;evgenibystrovaz@pmail.com;jesusitc;Рудзевич Азамат Румянович;student;79960907270
Великий Новгород;n.kostygovz@petrovich.ru;johannep;Благова Полина Григорьевна;student;79939079126
Великий Новгород;dibat0195z@pmail.com;joietrus;Габитов Тимур Ильдарович;student;79921696064
Великий Новгород;lezodiacyepz@pmail.com;josefman;Миняев Андрей Викторович;student;79216288127
Великий Новгород;tbalakhninz@inbox.ru;juanitaf;Носов Константин Сергеевич;student;79960684787
Великий Новгород;l.barvinskayaaz@mail.ru;jyanaerr;Минченко Виталий Юрьевич;student;79516881766
Великий Новгород;lzedmitryz@mail.ru;kangaros;Шарапова Дарья Станиславовна;student;79650006842
Великий Новгород;fagil.darz@pmail.com;karajude;Жуковская Елизавета Алексеевна;student;79202876484
Великий Новгород;omanc9804z@pmail.com;karisade;Филиппов Вадим Михайлович;student;79214011092
Великий Новгород;dara.glushkovaz@pmail.com;karnaksa;Лалетин Николай Борисович;student;79110157538
Великий Новгород;andrei.sherb2015z@pmail.com;kassiema;Кириллова Анна Игоревна;student;79506634055
Великий Новгород;nekto-nekto-1999z@inbox.ru;kirigayf;Кошкина Мария Степановна;student;79213889226
Великий Новгород;laytlerelfz@pmail.com;koffinar;Самуилов Станислав Александрович;student;79218314154
Великий Новгород;fedor.budnikovz@list.ru;kosiseli;Кулагина Софья Матвеевна;student;79217063276
Великий Новгород;lidochka_1906z@mail.ru;kourtnes;Самсонов Михаил Станиславович;student;79633429605
Великий Новгород;ksy_94z@inbox.ru;kristinc;Симонов Илья Алексеевич;student;79524813060
Великий Новгород;leha.zakharovz@pmail.com;krystint;Кенева Ольга Анатольевна;student;79216499074
Великий Новгород;vbotvin84z@pmail.com;labortom;Овсянникова Елизавета Николаевна;student;79533573517
Великий Новгород;gamessoz@mail.ru;lancelga;Грабарь Юлия Александровна;student;79046315874
Великий Новгород;git28282z@pmail.com;laraeter;Дужев Андрей Анатольевич;student;79065596677
Великий Новгород;storozenkoaaz@pmail.com;lashelll;Касаткин Артем Владиславович;student;79318531846
Великий Новгород;gamma.53z@pandex.ru;lashelsy;Заварзин Григорий Вячеславович;student;79216369796
Великий Новгород;nikolai.dergachev1z@pmail.com;latinato;Костяева Ольга Васильевна;student;79531783775
Великий Новгород;alex.zhdanovz@inbox.ru;lauretts;Острецов Даниил Андреевич;student;79219007886
Великий Новгород;aleksey180304z@pmail.com;laurinha;Жданова Юлия Сергеевна;student;79524881904
Великий Новгород;vladlevin790z@pmail.com;lavettea;Никифоров Валерий Анатольевич;student;79217298520
Великий Новгород;eroshenkov.ilyaz@pmail.com;leesalet;Мосин Павел Васильевич;student;79992241851
Великий Новгород;anastasya.schevarenkovaz@pandex.ru;lelahama;Лебедев Станислав Вячеславович;student;79213988178
Великий Новгород;zakl1natelz@pandex.ru;lelahgar;Климова Анна Валерьевна;student;79216155038
Великий Новгород;abdumutalib04z@pmail.com;lestrank;Задорин Анатолий Юрьевич;student;79774024596
Великий Новгород;d3ewak+z@pandex.ru;leylacam;Фадеева Ирина Михайловна;student;79123969427
Великий Новгород;viktoria260995z@pmail.com;libertyr;Геляев Виктор Ильич;student;79082913612
Великий Новгород;mironmarkoff2005z@pandex.ru;lindymah;Сазонов Степан Дмитриевич;student;79506836443
Великий Новгород;egorka.ivanov25z@pmail.com;livardbr;Савельева Юля Анатольевна;student;79524821066
Великий Новгород;i.smirnov.vyacheslavz@pandex.ru;loonquad;Бурова Ольга Александровна;student;79969393329
Великий Новгород;shywoolinz@pandex.ru;loquatsa;Митрохин Артем Владимирович;student;79779262966
Великий Новгород;kristina.miakaevaz@pmail.com;lorindab;Мортяков Илья Сергеевич;student;79006465667
Великий Новгород;kiselyova.an.ig1z@sberbank.ru;lothanin;Салаев Петр Алексеевич;student;79650607851
Великий Новгород;an.ant.97z@mail.ru;lovetemp;Шабанова Татьяна Александровна;student;79991120702
Великий Новгород;1402vitz@mail.ru;luisemar;Лаврец Наталья Владимировна;student;79215576402
Великий Новгород;abramov.nikita12z@mail.ru;lynwoode;Власова Лидия Васильевна;student;79212953250
Великий Новгород;nik.losev.03z@inbox.ru;lysajaun;Дягилев Евгений Игоревич;student;79965694045
Великий Новгород;mania_9408z@mail.ru;machampe;Сафонов Максим Гермогенович;student;79118921071
Великий Новгород;footerka2z@pmail.com;madrasal;Макарова Вика Викторовна;student;79178155697
Великий Новгород;sakary.artistoz@pmail.com;maggieru;Тутунова Ирина Игизовна;student;79052641141
Великий Новгород;chromiumz@mail.ru;mairakog;Мальцев Николай Валерьевич;student;79082261513
Великий Новгород;sipailosashaz@pmail.com;manfredk;Остромова Даша Игоревна;student;79646913153
Великий Новгород;revanes53z@pandex.ru;margarin;Никитина Лилия Алексеевна;student;79524812408
Великий Новгород;m.vasilyev.mvz@pmail.com;mariannb;Алёхина Екатерина Викторовна;student;79215731676
Великий Новгород;anastasiia.archz@pmail.com;mariholl;Гремячих Инна Игоревна;student;79500211558
Великий Новгород;suslovvitz@pandex.ru;matarysf;Сонин Алексей Сергеевич;student;79210996865
Великий Новгород;kroll218z@mail.ru;matildat;Серафимова Эльвира Владимировна;student;79313664023
Великий Новгород;zhamal701z@pmail.com;mayweatc;Бабушкина Анна Ивановна;student;79287118172
Великий Новгород;nickwales381z@pmail.com;melonyhe;Слизкий Владимир Витальевич;student;79932049082
Великий Новгород;sv1999sedz@pmail.com;melvaalm;Сипягин Валерий Петрович;student;79965908257
Великий Новгород;gg.ru06z@mail.ru;meribalr;Тикторова Лариса Борисовна;student;79515491383
Великий Новгород;yalov_mdz@mail.ru;merrymaa;Гончаренко Виталий Вячеславович;student;79217420926
Великий Новгород;golemkarz@pmail.com;mildredt;Якушевская Вероника Степановна;student;79889282667
Великий Новгород;2018nikita2018z@pmail.com;milessup;Савельев Степан Анатольевич;student;79539035962
Великий Новгород;a.r.konnovz@pandex.ru;millyaly;Зубкова Ксения Петровна;student;79517221069
Великий Новгород;apbuzz@pandex.ru;minnaepi;Селихов Григорий Валерьевич;student;79232770517
Великий Новгород;varvyanskiyz@pmail.com;mintaarc;Грачев Игорь Людвигович;student;79062029329
Великий Новгород;tiffanykokhz@pandex.ru;misfitla;Мартыненко Пётр Игоревич;student;79119662100
Великий Новгород;staratel.netz@mail.ru;mjollgra;Синяковская Светлана Станиславовна;student;79500064294
Великий Новгород;mortefyz@mail.ru;mollenla;Деканов Илья Александрович;student;79516777769
Великий Новгород;red1house1z@pmail.com;montoyay;Мостовой Анна Арсеньевна;student;79082956962
Великий Новгород;dokuchaev.dmitreyz@pmail.com;mortkang;Крупецкая Майнра Степановна;student;79969407717
Великий Новгород;xakkaz@inbox.ru;moshedur;Ветрова Софья Петровна;student;79052186366
Великий Новгород;pedantic8.8programmerz@pmail.com;murchcal;Громычев Всеволод Юрьевич;student;79646912979
Великий Новгород;diz.shulinusz@pandex.ru;mysarias;Логвинова Валентина Игоревна;student;79965694323
Великий Новгород;mailwtf3z@pmail.com;napoleof;Ларин Пётр Аркадьевич;student;79312412357
Великий Новгород;playnikovvz@vk.com;nataliam;Сагитов Досымбай Олегович;student;79062032837
Великий Новгород;alina040204z@pmail.com;nathanni;Шайтанов Григорий Юрьевич;student;79829165553
Великий Новгород;toma.tyurinaz@pmail.com;nettlesl;Стрелец Людмила Олеговна;student;79210354907
Великий Новгород;leraudovenchukz@icloud.com;newtvult;Гончарова Ирина Олеговна;student;79218235321
Великий Новгород;ai.andriichukz@mail.ru;noodlesa;Мадьяров Тихон Юрьевич;student;79009904901
Великий Новгород;stasiktim18z@mail.ru;nuysarno;Ополовникова Ксения Станиславовна;student;79954104320
Великий Новгород;daniel-rusz@mail.ru;nymosbre;Сычёв Александр Филиппович;student;79210235050
Великий Новгород;timofey.malishev333z@mail.ru;oakhearv;Бельтюков Владислав Евгеньевич;student;79043300533
Великий Новгород;antinanqoz@pmail.com;odismaur;Петрова Яна Ильинична;student;79217226974
Великий Новгород;asyauniversez@pmail.com;oleviade;Хмелевский Артем Романович;student;79216478121
Великий Новгород;maestro777masterz@mail.ru;ondeflob;Романова Яна Станиславовна;student;79242633036
Великий Новгород;truepsiniz@pmail.com;othortan;Бушуев Владислав Петрович;student;79969404678
Великий Новгород;dm.petroselinumz@pmail.com;owynwend;Пономарев Игорь Сергеевич;student;79313977077
Великий Новгород;t.9664610z@pmail.com;patakibe;Щербинина Анастасия Федоровна;student;79219664610
Великий Новгород;dolgovarturz@pandex.ru;paulrayn;Андрианов Григорий Сергеевич;student;79004975077
Великий Новгород;lemosca404z@pmail.com;pearlinm;Доронина Анна Григорьевна;student;79897584626
Великий Новгород;gymn-1razumovaz@pandex.ru;pennytrg;Соболев Олег Андреевич;student;79517286505
Великий Новгород;russkaya2011z@pmail.com;petuniad;Сысоев Нина Анатольевна;student;79217791983
Великий Новгород;ent1k1337z@pandex.ru;petyrdar;Глухих Ксения Романовна;student;79216197590
Великий Новгород;andreiwww.comz@pandex.ru;photosha;Слесарева Ирина Станиславовна;student;79969409209
Великий Новгород;guc03z@mail.ru;phouchgb;Бондарик Владислав Анатольевич;student;79052907147
Великий Новгород;vivelacomunnaz@pandex.ru;picklina;Бутузова Анастасия Сергеевна;student;79952340503
Великий Новгород;prowsedavidz@pandex.ru;pipelemu;Корабельников Луиза Игоревна;student;79217366946
Великий Новгород;danil2savinz@pandex.ru;poetessg;Усов Мартин Валерьевич;student;79506852895
Великий Новгород;danerporubovz@pmail.com;ponddenn;Овсянников Вячеслав Станиславович;student;79517225652
Великий Новгород;sawun2206z@mail.ru;porfirit;Розанова Светлана Александровна;student;79523931774
Великий Новгород;khaledyousryz@hotmail.com;pyatfred;Лукьянов Илья Игоревич;student;79216288843
Великий Новгород;stilfictiozz@pmail.com;quianakr;Болдырев Дмитрий Владимирович;student;79216162363
Великий Новгород;met-79z@mail.ru;rafaelal;Альханов Илья Юрьевич;student;79523897675
Великий Новгород;leonid.purkz@pandex.ru;raticatr;Лебедев Игорь Сергеевич;student;79211985289
Великий Новгород;www.delongez@mail.ru;rendailb;Пупкова Анна Артемьевна;student;79201502106
Великий Новгород;nikovodkovz@pa.ru;renektob;Панина Татьяна Николаевна;student;79219400250
Великий Новгород;d.volchuginz@pandex.ru;rethalan;Ширяев Григорий Артемович;student;79859651187
Великий Новгород;lobankova.ritusyaz@pmail.com;rhaegark;Баженов Филипп Олегович;student;79218783961
Великий Новгород;annittez@pandex.ru;rhogorca;Долинский Ян Даниилович;student;79217566223
Великий Новгород;savvo.vjacheslavz@pmail.com;rhydonpa;Трофимова Елизавета Алексеевна;student;79211220794
Великий Новгород;countzero13z@mail.ru;ritaosir;Ивкин Анатолий Игоревич;student;79627151357
Великий Новгород;piratserega1337z@pmail.com;rocksmew;Пугачева Олеся Романовна;student;79217890683
Великий Новгород;korzhuk.xeniyaz@pandex.ru;rosarich;Березин Сергей Артемович;student;79062460701
Великий Новгород;solorastz@pmail.com;rossiean;Дольникова Анастасия Юрьевна;student;79632930667
Великий Новгород;v.shturtsevz@pandex.ru;rosstyla;Рудолфова Настя Леонидовна;student;79500169840
Великий Новгород;artemholmanskyz@pandex.ru;rudolfvo;Гончар София Алексеевна;student;79236614063
Великий Новгород;potashov05z@pmail.com;sabrepig;Тихомиров Алексей Михайлович;student;79216332290
Великий Новгород;dimaz@iqseo.ru;sandevon;Алексеева Ксения Валерьевна;student;79217322020
Великий Новгород;alexandra.krutihinaz@pa.ru;sarirunc;Беднякова Нина Анатольевна;student;79209827751
Великий Новгород;churs82z@pmail.com;sarnoris;Опалев Денис Артемьевич;student;79517280048
Великий Новгород;aleno4ka1998z@mail.ru;satvajos;Романова Анастасия Николаевна;student;79216176263
Великий Новгород;shalimova.vitaz@pandex.ru;shanaebu;Султанов Борис Александрович;student;79102564079
Великий Новгород;detroid90z@mail.ru;shanaesy;Лугин Григорий Сергеевич;student;79045556287
Великий Новгород;ai-studyz@mail.ru;sharikel;Степина Валерия Яновна;student;79219235704
Великий Новгород;frostmonsterz@pandex.ru;sharlabr;Мешков Алексей Анатольевич;student;79535621329
Великий Новгород;vasi.anka2013z@pandex.ru;shatterc;Петровская Лариса Всеволодовна;student;79216404124
Великий Новгород;martemyanov9898z@inbox.ru;sheilahr;Троицкая Ася Максимовна;student;79854495145
Великий Новгород;misharast37z@pmail.com;shelliha;Умнова Влада Ильинична;student;79052888229
Великий Новгород;poltergeist2703z@mail.ru;shemekaa;Кузьмичев Роман Артемьевич;student;79506866117
Великий Новгород;matrosova.serafimaz@pandex.ru;shirlenm;Качалов Кирилл Александрович;student;79524823280
Великий Новгород;realmemaster83z@pmail.com;shyvannc;Завгородняя Ольга Сергеевна;student;79270167785
Великий Новгород;ve1es8z@pandex.ru;sierraag;Кваша Алена Владиславовна;student;79218403025
Великий Новгород;daoistturtlez@pandex.ru;sigfrydi;Гнездилов Всеволод Анатольевич;student;79174581781
Великий Новгород;n.davanskiyz@mail.ru;silenced;Худяков Валентин Алексеевич;student;79210627205
Великий Новгород;m3nh3r4chanz@pmail.com;slyviaad;Тарасова Александра Константиновна;student;79217383909
Великий Новгород;kostyaandreev610z@pmail.com;snowpeaa;Пешков Григорий Артемович;student;79992801012
Великий Новгород;youtihonz@pmail.com;souriape;Симонова Наталия Сергеевна;student;79318514190
Великий Новгород;dimus.litez@pmail.com;speedbaa;Слоткин Илья Несторович;student;79539055310
Великий Новгород;zerlin.mailz@pmail.com;stalward;Белов Игорь Игоревич;student;79211347553
Великий Новгород;26karatz@inbox.ru;starvinc;Лоскутова Ксения Анатольевна;student;79996692330
Великий Новгород;mksmvnvz@icloud.com;structia;Астахов Андрей Николаевич;student;79992228805
Великий Новгород;shvets_kiryaz@inbox.ru;stygiame;Домиров Василий Юрьевич;student;79650268464
Великий Новгород;yar310306dz@pmail.com;sunnyana;Прокопьев Антон Игоревич;student;79210058272
Великий Новгород;dima-vrn00z@inbox.ru;susanaby;Путилов Сергей Дмитриевич;student;79521028830
Великий Новгород;denisz@vodabudet.ru;susyherm;Глушков Светлана Михайловна;student;79212148932
Великий Новгород;varlog9000z@pandex.ru;tabledor;Кушнир Валентин Андреевич;student;79626844700
Великий Новгород;nemchuk1994z@pmail.com;takemiyd;Никифоров Сергей Романович;student;79042166058
Великий Новгород;a.zhmuz@mail.ru;tallasau;Козыкин Илья Олегович;student;79052767595
Великий Новгород;nadezhda.yaakovlevaz@pandex.ru;tandraph;Артюхов Степан Юрьевич;student;79531612753
Великий Новгород;maksim.23115z@pmail.com;tariarry;Мясникова Татьяна Сергеевна;student;79216098276
Великий Новгород;marnueva58z@rambler.ru;tattooma;Македонов Феликс Анатольевич;student;79313554211
Великий Новгород;pawellrz@pandex.ru;tawnyaar;Мельниченко Максим Григорьевич;student;79965698013
Великий Новгород;g.murnikovz@mail.ru;temmomag;Писарев Кирилл Валерьевич;student;79213599949
Великий Новгород;topbody66z@pmail.com;thorinob;Тихонина Анна Станиславовна;student;79118285741
Великий Новгород;sasha18443z@pmail.com;tigerjan;Науменко Татьяна Алексеевна;student;79106468665
Великий Новгород;qbinpostz@pmail.com;timberle;Костик Витя Григорьевич;student;79216169690
Великий Новгород;urusovkirillz@me.com;tondatyl;Царева Лариса Артемьевна;student;79136202770
Великий Новгород;natali419915z@pandex.ru;torrentj;Ильяшев Олег Геннадьевич;student;79082932552
Великий Новгород;fedorsuhanov150z@pmail.com;tressann;Хромовская Нина Васильевна;student;79600052862
Великий Новгород;fogwostfoxz@pmail.com;udyrannm;Пономарева Ксения Валерьевна;student;79506849581
Великий Новгород;i.emelyanovz@pmail.com;umfrerad;Лопатина Анна Николаевна;student;79216076851
Великий Новгород;katedeevaz@mail.ru;vegetaad;Балтан Анастасия Григорьевна;student;79123969427
Великий Новгород;nikita_kuzmin.92z@mail.ru;venonama;Кошкин Максим Андреевич;student;79965683699
Великий Новгород;nordgaimerasz@pmail.com;volentii;Лаврова Медина Александровна;student;79502155099
Великий Новгород;sunikgoz@pandex.ru;vylarrja;Моськин Игорь Ильич;student;79062004238
Великий Новгород;alexey531993z@pmail.com;wallerla;Лобанова Зинаида Алексеевна;student;79992144060
Великий Новгород;xcatcherxz@pmail.com;wartorle;Боброва Диана Николаевна;student;79095884362
Великий Новгород;levgroshev8z@pmail.com;wayfarec;Колесникова Карина Алферовна;student;79539041682
Великий Новгород;antonvot123z@pmail.com;wendanoa;Сухов Сергей Николаевич;student;79213984743
Великий Новгород;kuznetsov1998z@pmail.com;whatarml;Бабушкин Вадим Артемьевич;student;79117435405
Великий Новгород;drytimor-1z@pandex.ru;wilkygua;Барышников Александр Григорьевич;student;79190076870
Великий Новгород;varyamatrosova02z@mail.ru;williabo;Громов Сергей Тихонович;student;79539002220
Великий Новгород;e.lontsz@pmail.com;windhema;Лебедева Маргарита Станиславовна;student;79312013367
Великий Новгород;shprot90z@pandex.ru;winifrst;Митрофанов Владислав Игоревич;student;79045558703
Великий Новгород;ivannomgz@mail.ru;xhoankog;Симонова Алёна Юрьевна;student;79539066726
Великий Новгород;kolesnikov.dsz@bk.ru;yellowpr;Федотова Кристина Олеговна;student;79213717920
Великий Новгород;kuz.rychkovz@pmail.com;yucciemo;Кирана Анастасия Юрьевна;student;79313897030
Великий Новгород;mr.nick.romanovz@pmail.com;yuccierh;Ведерникова Наталья Петровна;student;79963470094
Великий Новгород;mitrofandepariz@pmail.com;yulerexx;Логачева Вероника Степановна;student;79082928766
Великий Новгород;safokarimkaz@pmail.com;zackarym;Костяева Ольга Владимировна;student;79082919896
Великий Новгород;mvasilyev04z@pmail.com;zandrjay;Снегирев Иван Михайлович;student;79627172780
Великий Новгород;sadkianuz@pmail.com;zombiesp;Емельянова Дарья Константиновна;student;79992492562
